I_e,Tau_Syn_Ex,Result
0,1.0,0.0
0,1.1,0.0
0,1.2000000000000002,0.0
0,1.3000000000000003,0.0
0,1.4000000000000004,0.0
0,1.5000000000000004,0.0
0,1.6000000000000005,0.0
0,1.7000000000000006,0.0
0,1.8000000000000007,0.0
0,1.9000000000000008,0.0
0,2.000000000000001,0.0
0,2.100000000000001,0.0
0,2.200000000000001,0.0
0,2.300000000000001,0.0
0,2.4000000000000012,0.0
0,2.5000000000000013,0.0
0,2.6000000000000014,0.0
0,2.7000000000000015,0.0
0,2.8000000000000016,0.0
0,2.9000000000000017,0.0
0,3.0000000000000018,0.0
0,3.100000000000002,0.0
0,3.200000000000002,0.0
0,3.300000000000002,0.0
0,3.400000000000002,0.0
0,3.500000000000002,0.0
0,3.6000000000000023,0.0
0,3.7000000000000024,0.0
0,3.8000000000000025,0.0
0,3.9000000000000026,0.0
0,4.000000000000003,0.0
0,4.100000000000003,0.0
0,4.200000000000003,0.0
0,4.3000000000000025,0.0
0,4.400000000000003,0.0
0,4.5000000000000036,0.0
0,4.600000000000003,0.0
0,4.700000000000003,0.0
0,4.800000000000003,0.0
0,4.900000000000004,0.0
0,5.0000000000000036,0.0
0,5.100000000000003,0.0
0,5.200000000000004,0.0
0,5.300000000000004,0.0
0,5.400000000000004,0.0
0,5.5000000000000036,0.0
0,5.600000000000004,0.0
0,5.700000000000005,0.0
0,5.800000000000004,0.0
0,5.900000000000004,0.0
0,6.000000000000004,0.0
0,6.100000000000005,0.0
0,6.200000000000005,26.347237880496053
0,6.300000000000004,34.03807106598985
0,6.400000000000005,33.99619771863118
0,6.500000000000005,53.88095238095238
0,6.600000000000005,41.88326300984529
0,6.700000000000005,42.549157303370784
0,6.800000000000005,39.5606258148631
0,6.900000000000006,38.49429657794677
0,7.000000000000005,16.77987421383648
0,7.100000000000005,16.4853470437018
0,7.2000000000000055,18.803287671232876
0,7.300000000000006,15.557406573615488
0,7.400000000000006,12.362432915921287
0,7.500000000000005,12.052319497732821
0,7.600000000000006,9.552214765100672
0,7.700000000000006,8.251443084737936
0,7.800000000000006,7.98034836980795
0,7.900000000000006,7.816491688538933
0,8.000000000000007,7.623086734693878
0,8.100000000000007,7.001357904946654
0,8.200000000000006,6.583546151039767
0,8.300000000000006,6.486700215672179
0,8.400000000000006,6.407243032132079
0,8.500000000000007,6.310893512851897
0,8.600000000000007,6.132554257095158
0,8.700000000000006,5.246190080354669
0,8.800000000000008,5.172380822292037
0,8.900000000000007,4.956735751295337
0,9.000000000000007,3.89447701326751
0,9.100000000000007,3.658550724637681
0,9.200000000000006,3.510427903631787
0,9.300000000000008,3.9236372770660637
0,9.400000000000007,3.896233474681966
0,9.500000000000007,3.8695932220185303
0,9.600000000000009,3.104873976305955
0,9.700000000000008,2.993713584789942
0,9.800000000000008,2.93807839891656
0,9.900000000000007,2.9191896538835316
1,1.0,0.0
1,1.1,0.0
1,1.2000000000000002,0.0
1,1.3000000000000003,0.0
1,1.4000000000000004,0.0
1,1.5000000000000004,0.0
1,1.6000000000000005,0.0
1,1.7000000000000006,0.0
1,1.8000000000000007,0.0
1,1.9000000000000008,0.0
1,2.000000000000001,0.0
1,2.100000000000001,0.0
1,2.200000000000001,0.0
1,2.300000000000001,0.0
1,2.4000000000000012,0.0
1,2.5000000000000013,0.0
1,2.6000000000000014,0.0
1,2.7000000000000015,0.0
1,2.8000000000000016,0.0
1,2.9000000000000017,0.0
1,3.0000000000000018,0.0
1,3.100000000000002,0.0
1,3.200000000000002,0.0
1,3.300000000000002,0.0
1,3.400000000000002,0.0
1,3.500000000000002,0.0
1,3.6000000000000023,0.0
1,3.7000000000000024,0.0
1,3.8000000000000025,0.0
1,3.9000000000000026,0.0
1,4.000000000000003,0.0
1,4.100000000000003,0.0
1,4.200000000000003,0.0
1,4.3000000000000025,0.0
1,4.400000000000003,0.0
1,4.5000000000000036,0.0
1,4.600000000000003,0.0
1,4.700000000000003,0.0
1,4.800000000000003,0.0
1,4.900000000000004,0.0
1,5.0000000000000036,0.0
1,5.100000000000003,0.0
1,5.200000000000004,0.0
1,5.300000000000004,0.0
1,5.400000000000004,0.0
1,5.5000000000000036,0.0
1,5.600000000000004,0.0
1,5.700000000000005,0.0
1,5.800000000000004,0.0
1,5.900000000000004,0.0
1,6.000000000000004,0.0
1,6.100000000000005,0.0
1,6.200000000000005,26.31756756756757
1,6.300000000000004,33.99493029150824
1,6.400000000000005,33.99239543726236
1,6.500000000000005,53.49818181818182
1,6.600000000000005,41.83005617977528
1,6.700000000000005,42.550561797752806
1,6.800000000000005,39.52734375
1,6.900000000000006,38.49556400506971
1,7.000000000000005,16.74529288702929
1,7.100000000000005,16.461498973305954
1,7.2000000000000055,17.95250521920668
1,7.300000000000006,15.488121918422232
1,7.400000000000006,12.318716577540107
1,7.500000000000005,12.018782608695652
1,7.600000000000006,8.789772727272727
1,7.700000000000006,8.198440009176416
1,7.800000000000006,7.9607930496769885
1,7.900000000000006,7.799432562199913
1,8.000000000000007,7.584072665821715
1,8.100000000000007,6.979694449816283
1,8.200000000000006,6.573952641165756
1,8.300000000000006,6.484369385555157
1,8.400000000000006,6.400425607377194
1,8.500000000000007,6.309615384615385
1,8.600000000000007,6.122333333333334
1,8.700000000000006,5.243872039883673
1,8.800000000000008,5.168145216323188
1,8.900000000000007,4.951228978007762
1,9.000000000000007,3.889276910435497
1,9.100000000000007,3.6395617070357553
1,9.200000000000006,3.510427903631787
1,9.300000000000008,3.922060965198614
1,9.400000000000007,3.8937082460863497
1,9.500000000000007,3.867102396514161
1,9.600000000000009,3.1038868134488515
1,9.700000000000008,2.990732940185341
1,9.800000000000008,2.93609022556391
1,9.900000000000007,2.9176628810520024
2,1.0,0.0
2,1.1,0.0
2,1.2000000000000002,0.0
2,1.3000000000000003,0.0
2,1.4000000000000004,0.0
2,1.5000000000000004,0.0
2,1.6000000000000005,0.0
2,1.7000000000000006,0.0
2,1.8000000000000007,0.0
2,1.9000000000000008,0.0
2,2.000000000000001,0.0
2,2.100000000000001,0.0
2,2.200000000000001,0.0
2,2.300000000000001,0.0
2,2.4000000000000012,0.0
2,2.5000000000000013,0.0
2,2.6000000000000014,0.0
2,2.7000000000000015,0.0
2,2.8000000000000016,0.0
2,2.9000000000000017,0.0
2,3.0000000000000018,0.0
2,3.100000000000002,0.0
2,3.200000000000002,0.0
2,3.300000000000002,0.0
2,3.400000000000002,0.0
2,3.500000000000002,0.0
2,3.6000000000000023,0.0
2,3.7000000000000024,0.0
2,3.8000000000000025,0.0
2,3.9000000000000026,0.0
2,4.000000000000003,0.0
2,4.100000000000003,0.0
2,4.200000000000003,0.0
2,4.3000000000000025,0.0
2,4.400000000000003,0.0
2,4.5000000000000036,0.0
2,4.600000000000003,0.0
2,4.700000000000003,0.0
2,4.800000000000003,0.0
2,4.900000000000004,0.0
2,5.0000000000000036,0.0
2,5.100000000000003,0.0
2,5.200000000000004,0.0
2,5.300000000000004,0.0
2,5.400000000000004,0.0
2,5.5000000000000036,0.0
2,5.600000000000004,0.0
2,5.700000000000005,0.0
2,5.800000000000004,0.0
2,5.900000000000004,0.0
2,6.000000000000004,0.0
2,6.100000000000005,0.0
2,6.200000000000005,26.31644144144144
2,6.300000000000004,33.99493029150824
2,6.400000000000005,33.95189873417721
2,6.500000000000005,53.31340579710145
2,6.600000000000005,41.83286516853933
2,6.700000000000005,42.49509116409537
2,6.800000000000005,38.82480818414322
2,6.900000000000006,38.49429657794677
2,7.000000000000005,16.7201044386423
2,7.100000000000005,16.428790983606557
2,7.2000000000000055,17.87785862785863
2,7.300000000000006,14.563451776649746
2,7.400000000000006,12.278962331201138
2,7.500000000000005,10.0
2,7.600000000000006,8.76835879743716
2,7.700000000000006,8.162859753312015
2,7.800000000000006,7.939568984670073
2,7.900000000000006,7.7790596430126255
2,8.000000000000007,7.228155339805825
2,8.100000000000007,6.6417004048583
2,8.200000000000006,6.564568934157876
2,8.300000000000006,6.479533213644524
2,8.400000000000006,6.386834188639179
2,8.500000000000007,6.30979020979021
2,8.600000000000007,6.080781327594769
2,8.700000000000006,5.236620107868898
2,8.800000000000008,5.165325330787069
2,8.900000000000007,4.170374449339207
2,9.000000000000007,3.8865852406856205
2,9.100000000000007,3.5561607813673928
2,9.200000000000006,3.510743504450238
2,9.300000000000008,3.9198956032925114
2,9.400000000000007,3.8919619275427317
2,9.500000000000007,3.8646147755950317
2,9.600000000000009,3.1031468531468533
2,9.700000000000008,2.976712276556009
2,9.800000000000008,2.934214975391667
2,9.900000000000007,2.916791156259337
3,1.0,0.0
3,1.1,0.0
3,1.2000000000000002,0.0
3,1.3000000000000003,0.0
3,1.4000000000000004,0.0
3,1.5000000000000004,0.0
3,1.6000000000000005,0.0
3,1.7000000000000006,0.0
3,1.8000000000000007,0.0
3,1.9000000000000008,0.0
3,2.000000000000001,0.0
3,2.100000000000001,0.0
3,2.200000000000001,0.0
3,2.300000000000001,0.0
3,2.4000000000000012,0.0
3,2.5000000000000013,0.0
3,2.6000000000000014,0.0
3,2.7000000000000015,0.0
3,2.8000000000000016,0.0
3,2.9000000000000017,0.0
3,3.0000000000000018,0.0
3,3.100000000000002,0.0
3,3.200000000000002,0.0
3,3.300000000000002,0.0
3,3.400000000000002,0.0
3,3.500000000000002,0.0
3,3.6000000000000023,0.0
3,3.7000000000000024,0.0
3,3.8000000000000025,0.0
3,3.9000000000000026,0.0
3,4.000000000000003,0.0
3,4.100000000000003,0.0
3,4.200000000000003,0.0
3,4.3000000000000025,0.0
3,4.400000000000003,0.0
3,4.5000000000000036,0.0
3,4.600000000000003,0.0
3,4.700000000000003,0.0
3,4.800000000000003,0.0
3,4.900000000000004,0.0
3,5.0000000000000036,0.0
3,5.100000000000003,0.0
3,5.200000000000004,0.0
3,5.300000000000004,0.0
3,5.400000000000004,0.0
3,5.5000000000000036,0.0
3,5.600000000000004,0.0
3,5.700000000000005,0.0
3,5.800000000000004,0.0
3,5.900000000000004,0.0
3,6.000000000000004,0.0
3,6.100000000000005,0.0
3,6.200000000000005,26.34836527621195
3,6.300000000000004,33.99493029150824
3,6.400000000000005,33.90771175726928
3,6.500000000000005,53.124548736462096
3,6.600000000000005,41.842696629213485
3,6.700000000000005,42.44257703081232
3,6.800000000000005,38.536802030456855
3,6.900000000000006,16.443864229765012
3,7.000000000000005,16.678125
3,7.100000000000005,16.412487205731832
3,7.2000000000000055,17.777260981912146
3,7.300000000000006,14.508638853771597
3,7.400000000000006,12.239815798795608
3,7.500000000000005,10.000281690140845
3,7.600000000000006,8.748955003688222
3,7.700000000000006,8.138465042131633
3,7.800000000000006,7.91845778861068
3,7.900000000000006,7.762163336229365
3,8.000000000000007,7.207745058491327
3,8.100000000000007,6.632120543917678
3,8.200000000000006,6.549083650880058
3,8.300000000000006,6.477386934673367
3,8.400000000000006,6.364309645565156
3,8.500000000000007,6.310893512851897
3,8.600000000000007,5.617298755808724
3,8.700000000000006,5.231693838076817
3,8.800000000000008,5.16180479825518
3,8.900000000000007,4.612720179690271
3,9.000000000000007,3.884489125974559
3,9.100000000000007,3.55125199287255
3,9.200000000000006,3.510427903631787
3,9.300000000000008,3.918125721165906
3,9.400000000000007,3.889829664309194
3,9.500000000000007,3.863467721988622
3,9.600000000000009,3.1010522136192176
3,9.700000000000008,2.9707112970711296
3,9.800000000000008,2.933113005595824
3,9.900000000000007,2.9154845453187996
4,1.0,0.0
4,1.1,0.0
4,1.2000000000000002,0.0
4,1.3000000000000003,0.0
4,1.4000000000000004,0.0
4,1.5000000000000004,0.0
4,1.6000000000000005,0.0
4,1.7000000000000006,0.0
4,1.8000000000000007,0.0
4,1.9000000000000008,0.0
4,2.000000000000001,0.0
4,2.100000000000001,0.0
4,2.200000000000001,0.0
4,2.300000000000001,0.0
4,2.4000000000000012,0.0
4,2.5000000000000013,0.0
4,2.6000000000000014,0.0
4,2.7000000000000015,0.0
4,2.8000000000000016,0.0
4,2.9000000000000017,0.0
4,3.0000000000000018,0.0
4,3.100000000000002,0.0
4,3.200000000000002,0.0
4,3.300000000000002,0.0
4,3.400000000000002,0.0
4,3.500000000000002,0.0
4,3.6000000000000023,0.0
4,3.7000000000000024,0.0
4,3.8000000000000025,0.0
4,3.9000000000000026,0.0
4,4.000000000000003,0.0
4,4.100000000000003,0.0
4,4.200000000000003,0.0
4,4.3000000000000025,0.0
4,4.400000000000003,0.0
4,4.5000000000000036,0.0
4,4.600000000000003,0.0
4,4.700000000000003,0.0
4,4.800000000000003,0.0
4,4.900000000000004,0.0
4,5.0000000000000036,0.0
4,5.100000000000003,0.0
4,5.200000000000004,0.0
4,5.300000000000004,0.0
4,5.400000000000004,0.0
4,5.5000000000000036,0.0
4,5.600000000000004,0.0
4,5.700000000000005,0.0
4,5.800000000000004,0.0
4,5.900000000000004,0.0
4,6.000000000000004,0.0
4,6.100000000000005,0.0
4,6.200000000000005,26.31981981981982
4,6.300000000000004,33.9936628643853
4,6.400000000000005,33.9102402022756
4,6.500000000000005,52.75089605734767
4,6.600000000000005,42.667605633802815
4,6.700000000000005,42.273361227336125
4,6.800000000000005,38.49429657794677
4,6.900000000000006,16.403125
4,7.000000000000005,16.6491683991684
4,7.100000000000005,16.37008677896886
4,7.2000000000000055,17.74058793192367
4,7.300000000000006,15.198856137263528
4,7.400000000000006,12.196964348746912
4,7.500000000000005,9.792827586206897
4,7.600000000000006,8.731779141104294
4,7.700000000000006,8.108917631041525
4,7.800000000000006,7.895713654441008
4,7.900000000000006,7.743661971830986
4,8.000000000000007,7.19778449144008
4,8.100000000000007,6.623600660671683
4,8.200000000000006,6.533490224475018
4,8.300000000000006,6.459996420261321
4,8.400000000000006,6.350871018828084
4,8.500000000000007,6.307409996504719
4,8.600000000000007,5.510377082724349
4,8.700000000000006,5.224337748344371
4,8.800000000000008,5.156884107313087
4,8.900000000000007,4.609686946249262
4,9.000000000000007,3.881701691440287
4,9.100000000000007,3.5465954856233024
4,9.200000000000006,3.510427903631787
4,9.300000000000008,3.9161610590182017
4,9.400000000000007,3.8880868223228955
4,9.500000000000007,3.8623213490925274
4,9.600000000000009,3.0982227864170104
4,9.700000000000008,2.9680018241240402
4,9.800000000000008,2.9311315443798085
4,9.900000000000007,2.9029140648230745
5,1.0,0.0
5,1.1,0.0
5,1.2000000000000002,0.0
5,1.3000000000000003,0.0
5,1.4000000000000004,0.0
5,1.5000000000000004,0.0
5,1.6000000000000005,0.0
5,1.7000000000000006,0.0
5,1.8000000000000007,0.0
5,1.9000000000000008,0.0
5,2.000000000000001,0.0
5,2.100000000000001,0.0
5,2.200000000000001,0.0
5,2.300000000000001,0.0
5,2.4000000000000012,0.0
5,2.5000000000000013,0.0
5,2.6000000000000014,0.0
5,2.7000000000000015,0.0
5,2.8000000000000016,0.0
5,2.9000000000000017,0.0
5,3.0000000000000018,0.0
5,3.100000000000002,0.0
5,3.200000000000002,0.0
5,3.300000000000002,0.0
5,3.400000000000002,0.0
5,3.500000000000002,0.0
5,3.6000000000000023,0.0
5,3.7000000000000024,0.0
5,3.8000000000000025,0.0
5,3.9000000000000026,0.0
5,4.000000000000003,0.0
5,4.100000000000003,0.0
5,4.200000000000003,0.0
5,4.3000000000000025,0.0
5,4.400000000000003,0.0
5,4.5000000000000036,0.0
5,4.600000000000003,0.0
5,4.700000000000003,0.0
5,4.800000000000003,0.0
5,4.900000000000004,0.0
5,5.0000000000000036,0.0
5,5.100000000000003,0.0
5,5.200000000000004,0.0
5,5.300000000000004,0.0
5,5.400000000000004,0.0
5,5.5000000000000036,0.0
5,5.600000000000004,0.0
5,5.700000000000005,0.0
5,5.800000000000004,0.0
5,5.900000000000004,0.0
5,6.000000000000004,0.0
5,6.100000000000005,0.0
5,6.200000000000005,26.320945945945947
5,6.300000000000004,33.9936628643853
5,6.400000000000005,33.82471626733922
5,6.500000000000005,52.198581560283685
5,6.600000000000005,42.66901408450704
5,6.700000000000005,41.9253112033195
5,6.800000000000005,38.49556400506971
5,6.900000000000006,16.362077922077923
5,7.000000000000005,16.618775933609957
5,7.100000000000005,16.328411405295316
5,7.2000000000000055,17.6853470437018
5,7.300000000000006,15.119474835886214
5,7.400000000000006,12.162266807462162
5,7.500000000000005,9.790126861555432
5,7.600000000000006,8.71015911872705
5,7.700000000000006,8.056131650135256
5,7.800000000000006,7.878306878306878
5,7.900000000000006,7.72191011235955
5,8.000000000000007,7.439059599917509
5,8.100000000000007,6.617528419508617
5,8.200000000000006,6.518331226295828
5,8.300000000000006,6.454041487839771
5,8.400000000000006,6.326380368098159
5,8.500000000000007,6.30317848410758
5,8.600000000000007,5.463199072732541
5,8.700000000000006,5.217277486910994
5,8.800000000000008,5.156884107313087
5,8.900000000000007,4.608598086689501
5,9.000000000000007,3.7429079766729267
5,9.100000000000007,3.5426139021423895
5,9.200000000000006,3.510743504450238
5,9.300000000000008,3.9141983661604773
5,9.400000000000007,3.885958801870833
5,9.500000000000007,3.861175656300984
5,9.600000000000009,3.062024621657649
5,9.700000000000008,2.964059357091351
5,9.800000000000008,2.9298120568706154
5,9.900000000000007,2.900973181784414
6,1.0,0.0
6,1.1,0.0
6,1.2000000000000002,0.0
6,1.3000000000000003,0.0
6,1.4000000000000004,0.0
6,1.5000000000000004,0.0
6,1.6000000000000005,0.0
6,1.7000000000000006,0.0
6,1.8000000000000007,0.0
6,1.9000000000000008,0.0
6,2.000000000000001,0.0
6,2.100000000000001,0.0
6,2.200000000000001,0.0
6,2.300000000000001,0.0
6,2.4000000000000012,0.0
6,2.5000000000000013,0.0
6,2.6000000000000014,0.0
6,2.7000000000000015,0.0
6,2.8000000000000016,0.0
6,2.9000000000000017,0.0
6,3.0000000000000018,0.0
6,3.100000000000002,0.0
6,3.200000000000002,0.0
6,3.300000000000002,0.0
6,3.400000000000002,0.0
6,3.500000000000002,0.0
6,3.6000000000000023,0.0
6,3.7000000000000024,0.0
6,3.8000000000000025,0.0
6,3.9000000000000026,0.0
6,4.000000000000003,0.0
6,4.100000000000003,0.0
6,4.200000000000003,0.0
6,4.3000000000000025,0.0
6,4.400000000000003,0.0
6,4.5000000000000036,0.0
6,4.600000000000003,0.0
6,4.700000000000003,0.0
6,4.800000000000003,0.0
6,4.900000000000004,0.0
6,5.0000000000000036,0.0
6,5.100000000000003,0.0
6,5.200000000000004,0.0
6,5.300000000000004,0.0
6,5.400000000000004,0.0
6,5.5000000000000036,0.0
6,5.600000000000004,0.0
6,5.700000000000005,0.0
6,5.800000000000004,0.0
6,5.900000000000004,0.0
6,6.000000000000004,0.0
6,6.100000000000005,0.0
6,6.200000000000005,24272.0
6,6.300000000000004,33.99493029150824
6,6.400000000000005,34.11323155216285
6,6.500000000000005,51.83802816901409
6,6.600000000000005,42.667605633802815
6,6.700000000000005,41.58299039780521
6,6.800000000000005,38.49556400506971
6,6.900000000000006,16.33177812337999
6,7.000000000000005,16.587474120082817
6,7.100000000000005,16.295223577235774
6,7.2000000000000055,17.170573566084787
6,7.300000000000006,14.80248500428449
6,7.400000000000006,12.119607155384076
6,7.500000000000005,9.785005512679161
6,7.600000000000006,8.535714285714286
6,7.700000000000006,8.030786516853933
6,7.800000000000006,7.859247855729052
6,7.900000000000006,7.705260888313928
6,8.000000000000007,6.79386131110269
6,8.100000000000007,6.612495419567607
6,8.200000000000006,6.505407354001442
6,8.300000000000006,6.449606862044317
6,8.400000000000006,6.321772639691715
6,8.500000000000007,6.3008030726256985
6,8.600000000000007,5.280574536326872
6,8.700000000000006,5.201510989010989
6,8.800000000000008,5.154076493806996
6,8.900000000000007,4.605027141845645
6,9.000000000000007,3.682127576818359
6,9.100000000000007,3.5368951989538577
6,9.200000000000006,3.510743504450238
6,9.300000000000008,3.9114538989332397
6,9.400000000000007,3.884412613150303
6,9.500000000000007,3.8602214313958085
6,9.600000000000009,3.0601050074445575
6,9.700000000000008,2.9612497156290285
6,9.800000000000008,2.9287133910826113
6,9.900000000000007,2.8995730462223874
7,1.0,0.0
7,1.1,0.0
7,1.2000000000000002,0.0
7,1.3000000000000003,0.0
7,1.4000000000000004,0.0
7,1.5000000000000004,0.0
7,1.6000000000000005,0.0
7,1.7000000000000006,0.0
7,1.8000000000000007,0.0
7,1.9000000000000008,0.0
7,2.000000000000001,0.0
7,2.100000000000001,0.0
7,2.200000000000001,0.0
7,2.300000000000001,0.0
7,2.4000000000000012,0.0
7,2.5000000000000013,0.0
7,2.6000000000000014,0.0
7,2.7000000000000015,0.0
7,2.8000000000000016,0.0
7,2.9000000000000017,0.0
7,3.0000000000000018,0.0
7,3.100000000000002,0.0
7,3.200000000000002,0.0
7,3.300000000000002,0.0
7,3.400000000000002,0.0
7,3.500000000000002,0.0
7,3.6000000000000023,0.0
7,3.7000000000000024,0.0
7,3.8000000000000025,0.0
7,3.9000000000000026,0.0
7,4.000000000000003,0.0
7,4.100000000000003,0.0
7,4.200000000000003,0.0
7,4.3000000000000025,0.0
7,4.400000000000003,0.0
7,4.5000000000000036,0.0
7,4.600000000000003,0.0
7,4.700000000000003,0.0
7,4.800000000000003,0.0
7,4.900000000000004,0.0
7,5.0000000000000036,0.0
7,5.100000000000003,0.0
7,5.200000000000004,0.0
7,5.300000000000004,0.0
7,5.400000000000004,0.0
7,5.5000000000000036,0.0
7,5.600000000000004,0.0
7,5.700000000000005,0.0
7,5.800000000000004,0.0
7,5.900000000000004,0.0
7,6.000000000000004,0.0
7,6.100000000000005,0.0
7,6.200000000000005,1620.1333333333334
7,6.300000000000004,33.99493029150824
7,6.400000000000005,1728.375
7,6.500000000000005,51.30313588850174
7,6.600000000000005,42.60618846694796
7,6.700000000000005,41.42622950819672
7,6.800000000000005,38.54441624365482
7,6.900000000000006,16.418181818181818
7,7.000000000000005,16.54878678368611
7,7.100000000000005,12.901810865191147
7,7.2000000000000055,17.119343610144206
7,7.300000000000006,13.897023330651649
7,7.400000000000006,12.102626970227671
7,7.500000000000005,9.818156732891833
7,7.600000000000006,8.509199522102747
7,7.700000000000006,8.008964589870013
7,7.800000000000006,7.837061403508772
7,7.900000000000006,7.690122659780504
7,8.000000000000007,6.786336109008327
7,8.100000000000007,6.606626395753249
7,8.200000000000006,6.496040316774658
7,8.300000000000006,6.441370694270926
7,8.400000000000006,6.3119972018188175
7,8.500000000000007,6.296580600139567
7,8.600000000000007,5.252011095700416
7,8.700000000000006,5.192102015631427
7,8.800000000000008,5.154076493806996
7,8.900000000000007,4.600023576564895
7,9.000000000000007,3.677024664983492
7,9.100000000000007,3.534347582602203
7,9.200000000000006,3.510743504450238
7,9.300000000000008,3.9093002302532787
7,9.400000000000007,3.883639980109398
7,9.500000000000007,3.8588863086120857
7,9.600000000000009,3.051496444479175
7,9.700000000000008,2.958893729873082
7,9.800000000000008,2.9275058100307367
7,9.900000000000007,2.898174261540745
8,1.0,0.0
8,1.1,0.0
8,1.2000000000000002,0.0
8,1.3000000000000003,0.0
8,1.4000000000000004,0.0
8,1.5000000000000004,0.0
8,1.6000000000000005,0.0
8,1.7000000000000006,0.0
8,1.8000000000000007,0.0
8,1.9000000000000008,0.0
8,2.000000000000001,0.0
8,2.100000000000001,0.0
8,2.200000000000001,0.0
8,2.300000000000001,0.0
8,2.4000000000000012,0.0
8,2.5000000000000013,0.0
8,2.6000000000000014,0.0
8,2.7000000000000015,0.0
8,2.8000000000000016,0.0
8,2.9000000000000017,0.0
8,3.0000000000000018,0.0
8,3.100000000000002,0.0
8,3.200000000000002,0.0
8,3.300000000000002,0.0
8,3.400000000000002,0.0
8,3.500000000000002,0.0
8,3.6000000000000023,0.0
8,3.7000000000000024,0.0
8,3.8000000000000025,0.0
8,3.9000000000000026,0.0
8,4.000000000000003,0.0
8,4.100000000000003,0.0
8,4.200000000000003,0.0
8,4.3000000000000025,0.0
8,4.400000000000003,0.0
8,4.5000000000000036,0.0
8,4.600000000000003,0.0
8,4.700000000000003,0.0
8,4.800000000000003,0.0
8,4.900000000000004,0.0
8,5.0000000000000036,0.0
8,5.100000000000003,0.0
8,5.200000000000004,0.0
8,5.300000000000004,0.0
8,5.400000000000004,0.0
8,5.5000000000000036,0.0
8,5.600000000000004,0.0
8,5.700000000000005,0.0
8,5.800000000000004,0.0
8,5.900000000000004,0.0
8,6.000000000000004,0.0
8,6.100000000000005,0.0
8,6.200000000000005,29.48812351543943
8,6.300000000000004,33.99493029150824
8,6.400000000000005,54.075367647058826
8,6.500000000000005,50.77758620689655
8,6.600000000000005,42.66619718309859
8,6.700000000000005,40.822341857335125
8,6.800000000000005,38.54441624365482
8,6.900000000000006,16.441619097042036
8,7.000000000000005,16.491255144032923
8,7.100000000000005,16.23076923076923
8,7.2000000000000055,15.696501590186278
8,7.300000000000006,14.842353951890034
8,7.400000000000006,12.060383944153578
8,7.500000000000005,9.80760749724366
8,7.600000000000006,8.486892278360344
8,7.700000000000006,7.985698324022346
8,7.800000000000006,7.8216239877434885
8,7.900000000000006,7.675472508591065
8,8.000000000000007,6.780109661561732
8,8.100000000000007,6.595760233918129
8,8.200000000000006,6.492354740061162
8,8.300000000000006,6.426638176638177
8,8.400000000000006,6.310893512851897
8,8.500000000000007,6.288726258930128
8,8.600000000000007,5.247644124168515
8,8.700000000000006,5.1858394960284855
8,8.800000000000008,5.152673833174582
8,8.900000000000007,4.597973371038059
8,9.000000000000007,3.669994184919558
8,9.100000000000007,3.5307226107226106
8,9.200000000000006,3.510427903631787
8,9.300000000000008,3.907344406643986
8,9.400000000000007,3.881709741550696
8,9.500000000000007,3.8583143958106905
8,9.600000000000009,3.0509004257978827
8,9.700000000000008,2.9572131768269596
8,9.800000000000008,2.92607995204376
8,9.900000000000007,2.897099191334669
9,1.0,0.0
9,1.1,0.0
9,1.2000000000000002,0.0
9,1.3000000000000003,0.0
9,1.4000000000000004,0.0
9,1.5000000000000004,0.0
9,1.6000000000000005,0.0
9,1.7000000000000006,0.0
9,1.8000000000000007,0.0
9,1.9000000000000008,0.0
9,2.000000000000001,0.0
9,2.100000000000001,0.0
9,2.200000000000001,0.0
9,2.300000000000001,0.0
9,2.4000000000000012,0.0
9,2.5000000000000013,0.0
9,2.6000000000000014,0.0
9,2.7000000000000015,0.0
9,2.8000000000000016,0.0
9,2.9000000000000017,0.0
9,3.0000000000000018,0.0
9,3.100000000000002,0.0
9,3.200000000000002,0.0
9,3.300000000000002,0.0
9,3.400000000000002,0.0
9,3.500000000000002,0.0
9,3.6000000000000023,0.0
9,3.7000000000000024,0.0
9,3.8000000000000025,0.0
9,3.9000000000000026,0.0
9,4.000000000000003,0.0
9,4.100000000000003,0.0
9,4.200000000000003,0.0
9,4.3000000000000025,0.0
9,4.400000000000003,0.0
9,4.5000000000000036,0.0
9,4.600000000000003,0.0
9,4.700000000000003,0.0
9,4.800000000000003,0.0
9,4.900000000000004,0.0
9,5.0000000000000036,0.0
9,5.100000000000003,0.0
9,5.200000000000004,0.0
9,5.300000000000004,0.0
9,5.400000000000004,0.0
9,5.5000000000000036,0.0
9,5.600000000000004,0.0
9,5.700000000000005,0.0
9,5.800000000000004,0.0
9,5.900000000000004,0.0
9,6.000000000000004,0.0
9,6.100000000000005,0.0
9,6.200000000000005,33.99619771863118
9,6.300000000000004,33.99493029150824
9,6.400000000000005,53.59016393442623
9,6.500000000000005,50.43664383561644
9,6.600000000000005,42.54634831460674
9,6.700000000000005,39.65882352941176
9,6.800000000000005,38.49556400506971
9,6.900000000000006,16.394723228142784
9,7.000000000000005,16.46789933230611
9,7.100000000000005,18.772975929978116
9,7.2000000000000055,15.625056535504296
9,7.300000000000006,12.353235609581695
9,7.400000000000006,12.026801253045598
9,7.500000000000005,9.79680616740088
9,7.600000000000006,8.423131504257332
9,7.700000000000006,7.962789661319073
9,7.800000000000006,7.801135123335516
9,7.900000000000006,7.61456784880017
9,8.000000000000007,6.766037735849056
9,8.100000000000007,6.582527813240927
9,8.200000000000006,6.486700215672179
9,8.300000000000006,6.411796056137858
9,8.400000000000006,6.309615384615385
9,8.500000000000007,6.269237450060795
9,8.600000000000007,5.246778439794928
9,8.700000000000006,5.173794234184998
9,8.800000000000008,5.1435751154577565
9,8.900000000000007,3.894579862182454
9,9.000000000000007,3.6635061919504643
9,9.100000000000007,3.511059162021219
9,9.200000000000006,3.511059162021219
9,9.300000000000008,3.905976494123531
9,9.400000000000007,3.879974166625267
9,9.500000000000007,3.855838064675389
9,9.600000000000009,3.044953019610901
9,9.700000000000008,2.9557582409264658
9,9.800000000000008,2.9246554823247455
9,9.900000000000007,2.8961323098601994
